<metadata>
	<data>
		<key>
			color_scheme
		</key>
		<type>
			STRING
		</type>
	</data>
	<data>
		<key>
			file_history
		</key>
		<type>
			STRING_LIST
		</type>
		<metadata>
			<subkey>
				file
			</subkey>
		</metadata>
	</data>
	<data>
		<key>
			last_active_file
		</key>
		<type>
			STRING
		</type>
	</data>
	<data>
		<key>
			last_directory
		</key>
		<type>
			STRING
		</type>
	</data>
	<data>
		<key>
			last_opened_files
		</key>
		<type>
			STRING_LIST
		</type>
		<metadata>
			<subkey>
				last_opened_file
			</subkey>
		</metadata>
	</data>
	<data>
		<key>
			show_animations_and_effects
		</key>
		<type>
			BOOLEAN
		</type>
	</data>
</metadata>
<color_scheme>
	Salmon on Ice
</color_scheme>
<file_history></file_history>
<last_active_file></last_active_file>
<last_directory></last_directory>
<last_opened_files></last_opened_files>
<show_animations_and_effects>
	true
</show_animations_and_effects>